"","Kingdom","Phylum","Class","Order","Family","Genus","Species"
"GCGGTAATACGGAAGGTCCGGGCGTTATCCGGATTTATTGGGTTTAAAGGGAGCGTAGGCCGGAGATTAAGCGTGTTGTGAAATGTAGACGCTCAACGTCTGCACTGCAGCGCGAACTGGTTTCCTTGAGTACGCACAAAGTGGGCGGAATTCGTGGTGTAGCGGTGAAATGCTTAGATATCACGAAGAACTCCGATTGCGAAGGCAGCTCACTGGAGCGCAACTGACGCTGAAGCTCGAAAGTGCGGGTATCGAACAGGATTAGAAA","Bacteria","Bacteroidetes","Bacteroidia","Bacteroidales","Prevotellaceae",NA,NA
"GCGGTAATACGGAGGGTGCAAGCGTTAATCGGAATAACTGGGCGTAAAGGGCATGCAGGCGGTTCATCAAGTAGGATGTGAAATCCCCGGGCTCAACCTGGGAACAGCATACTAAACTGGTGGACTAGAGTATTGCAGGGGGAGACGGAATTCCAGGTGTAGCGGTGGAATGCGTAGATATCTGGAAGAACACCAAAGGCGAAGGCAGTCTCCTGGGCAAATACTGACGCTCATATGCGAAAGCGTGGGTAGCAAACAGGATTAGAAA","Bacteria","Proteobacteria","Gammaproteobacteria","Aeromonadales","Succinivibrionaceae",NA,NA
"GCGGTAAAACGTAGGTCACAAGCGTTGTCCGGAATTACTGGGTGTAAAGGGAGCGCAGGCGGGAAGACAAGTTGGAAGTGAAATCCATGGGCTCAACCCATGAACTGCTTTCAAAACTGTTTTTCTTGAGTAGTGCAGAGGTAGGCGGAATTCCCGGTGTAGCGGTGGAATGCGTAGATATCGGGAGGAACACCAGTGGCGAAGGCGGCCTACTGGGCACCAACTGACGCTGAGGCTCGAAAGTGTGGGTAGCAAACAGGATTAGAAA","Bacteria","Firmicutes","Clostridia","Clostridiales","Ruminococcaceae",NA,NA
"GCGGTAATACGTATGGTGCAAGCGTTATCCGGATTTACTGGGTGTAAAGGGAGCGCAGGCGGTGCGGCAAGTCTGATGTGAAAGCCCGGGGCTCAACCCCGGTACTGCATTGGAAACTGTCGTACTAGAGTGTCGGAGGGGTAAGCGGAATTCCTAGTGTAGCGGTGAAATGCGTAGATATTAGGAGGAACACCAGTGGCGAAGGCGGCTTACTGGACGATAACTGACGCTGAGGCTCGAAAGCGTGGGGAGCAAACAGGATTAGAAA","Bacteria","Firmicutes","Clostridia","Clostridiales","Lachnospiraceae",NA,NA
"GCGGTAATACGTAGGTGGCAAGCGTTGTCCGGAATTATTGGGCGTAAAGCGCGCGCAGGCGGCTTCTTAAGTCCATCTTAAAAGTGCGGGGCTTAACCCCGTGATGGGATGGAAACTGAGAGGCTGGAGTATCGGAGAGGAAAGTGGAATTCCTAGTGTAGCGGTGAAATGCGTAGAGATTAGGAAGAACACCGGTGGCGAAGGCGACTTTCTGGACGACAACTGACGCTGAGGCGCGAAAGCGTGGGGAGCAAACAGGATTAGAAA","Bacteria","Firmicutes","Negativicutes","Selenomonadales","Veillonellaceae",NA,NA
"GCGGTAATACGTAGGTGGCGAGCGTTATCCGGAATCATTGGGCGTAAAGAGGGAGCAGGCGGCCGCAAGGGTCTGTGGTGAAAGACCGAAGCTAAACTTCGGTAAGCCATGGAAACCGGGCGGCTAGAGTGCGGAAGAGGATCGTGGAATTCCATGTGTAGCGGTGAAATGCGTAGATATATGGAGGAACACCAGTGGCGAAGGCGACGGTCTGGGCCGCAACTGACGCTCATTCCCGAAAGCGTGGGGAGCAAATAGGATTAGAAA","Bacteria","Firmicutes","Erysipelotrichia","Erysipelotrichales","Erysipelotrichaceae",NA,NA
"GCGGTAACACGTAAGGTGCGAGCGTTGTTCGGAATTATTGGGCGTAAAGGGCATGTAGGCGGAAATGCAAGCCTGGCGTGAAATCCCGGGGCTTAACTCCGGGACTGCGCTGGGAACTGCATAACTAGAGTAACTGAGGGGCGGCCGGAATTCCAGGTGTAGGGGTGAAATCTGTAGATATCTGGAAGAACACCAATGGCGAAGGCAGGCCGCCAGCAGATTACTGACGCTGAGGTGCGAAGGTGCGGGGAGCAAACAGGATTAGAAA","Bacteria","Spirochaetes","Spirochaetia","Spirochaetales","Spirochaetaceae",NA,NA
"GCGGTAATACGGAGGATGCGAGCGTTATCCGGATTTATTGGGTTTAAAGGGTGCGCAGGCGGCGCGCCAAGTCAGCGGTCAAAGTTCCGGGCTCAACCCGGTGTCGCCGTTGAAACTGGCGTGCTCGAGTGCGTGCGAGGAAGGCGGAATGCGTTGTGTAGCGGTGAAATGCATAGATATGACGCAGAACTCCGATTGCGAAGGCAGCTTTCCAGCGCGCTACTGACGCTGAGGCACGAAAGCGTGGGGATCGAACAGGATTAGAAA","Bacteria","Bacteroidetes","Bacteroidia","Bacteroidales","Muribaculaceae",NA,NA
"GCGGTAAGACGTAGGTGGCAAGCGTTACTCGGAATTACTAGGCGTAAAGCGCGCGTAGGCGGGATGTTAAGTCTGTTGTGTAATCTCTGGGCTCAACCCAGAAACTGCAACGGAAACTGGCGTTCTTGAGTGAGGCAGAGGAAATCGGAATTCCTAGTGTAGCAGTGAAATGCGTAGATATTAGGAGGAACACCGGTGGCGAAGGCGGATTTCTGGGCCTTTACTGACGCTAAAGTGCGAAAGCTAGGGGAGCAAACGGGATTAGAAA","Bacteria","Elusimicrobia","Elusimicrobia","Elusimicrobiales","Elusimicrobiaceae",NA,NA
"GCGGTAATACGTAGGTGGCGAGCGTTGTCCGGATTTACTGGGCGTAAAGGGAGCGTAGGCGGATTTTTAAGTGAGATGTGAAATACTCGGGCTTAACCTGAGTGCTGCATTTCAAACTGGAAGTCTAGAGTGCAGGAGAGGAGAAGGGAATTCCTAGTGTAGCGGTGAAATGCGTAGAGATTAGGAAGAACACCAGTGGCGAAGGCGCTTCTCTGGACTGTAACTGACGCTGAGGCTCGAAAGCGTGGGGAGCAAACAGGATTAGAAA","Bacteria","Firmicutes","Clostridia","Clostridiales","Clostridiaceae_1",NA,NA
"GCGGTAATACGTAGGGTGCAAGCGTTATCCGGAATTATTGGGCGTAAAGGGCTCGTAGGCGGTTCGTCGCGTCCGGTGTGAAAGTCCATCGCTTAACGGTGGATCCGCGCCGGGTACGGGCGGGCTTGAGTGCGGTAGGGGAGACTGGAATTCCCGGTGTAACGGTGGAATGTGTAGATATCGGGAAGAACACCAATGGCGAAGGCAGGTCTCTGGGCCGTCACTGACGCTGAGGAGCGAAAGCGTGGGGAGCGAACAGGATTAGAAA","Bacteria","Actinobacteria","Actinobacteria","Bifidobacteriales","Bifidobacteriaceae",NA,NA
"GCGGTAATACGTAGGTGACAAGCGTTGTTCGGATTCATTGGGCGTAAAGGGTCCGCAGGTGGTTTGATAAGTCTGACGTGAAATACCGGAGCTCAACTCCGGAACTGCGTTGGAGACTGTTGAACTGGAGTATCGGAGAGGAAATTGGAATTCCAGGTGTAGCGGTGGAATGCGTAGATATCTGGAAGAACATCGACAGCGAAGGCAGATTTCTGGACGATAACTGACACTCAGGGACGAAAGCATGGGGAGCAAACAGGATTAGAAA","Bacteria","Lentisphaerae","Lentisphaeria","Victivallales","vadinBE97",NA,NA
"GCGGTAATACGTAGGTGGCGAGCGTTGTCCGGATTTATTGGGCGTAAAGGGAACGCAGGCGGTCTTTTAAGTCTGATGTGAAAGCCTTCGGCTTAACCGAAGTAGTGCATTGGAAACTGGAAGACTTGAGTGCAGAAGAGGAGAGTGGAACTCCATGTGTAGCGGTGAAATGCGTAGATATATGGAAGAACACCAGTGGCGAAAGCGGCTCTCTGGTCTGTAACTGACGCTGAGGTTCGAAAGCGTGGGTAGCAAACAGGATTAGAAA","Bacteria","Firmicutes","Bacilli","Lactobacillales","Lactobacillaceae",NA,NA
"GCGGTAATACGTAGGGGGCTAGCGTTATCCGGAATTACTGGGCGTAAAGGGTGCGTAGGTGGTTTCTTAAGTCAGAGGTGAAAGGCTACGGCTCAACCGTAGTAAGCCTTTGAAACTGGGAAACTTGAGTGCAGGAGAGGAGAGTGGAATTCCTAGTGTAGCGGTGAAATGCGTAGATATTAGGAGGAACACCAGTTGCGAAGGCGGCTCTCTGGACTGTAACTGACACTGAGGCACGAAAGCGTGGGGAGCAAACAGGATTAGAAA","Bacteria","Firmicutes","Clostridia","Clostridiales","Peptostreptococcaceae",NA,NA
"GCGGTAATACGGAGGATCCGAGCGTTATCCGGATTTATTGGGTTTAAAGGGAGCGTAGGTGGACTGGTAAGTCAGTTGTGAAAGTTTGCGGCTCAACCGTAAAATTGCAGTTGATACTGTCAGTCTTGAGTACAGTAGAGGTGGGCGGAATTCGTGGTGTAGCGGTGAAATGCTTAGATATCACGAAGAACTCCGATTGCGAAGGCAGCTCACTGGACTGCAACTGACACTGATGCTCGAAAGTGTGGGTATCAAACAGGATTAGAAA","Bacteria","Bacteroidetes","Bacteroidia","Bacteroidales","Bacteroidaceae",NA,NA
"GCGGTAATACGGAGGATGCAAGCGTTATCCGGATTTATTGGGTTTAAAGGGTGCGTAGGCTGTTCTGCAAGTCAGCGGTGAAAGCCCGGGGCTCAACCCCGGAAATGCCGTTGATACTGCGGGGCTGGAATACGGATGCCGTGGGAGGAATGAGTAGTGTAGCGGTGAAATGCATAGATATTACTCAGAACACCGATTGCGAAGGCATCTCACGAATCCGTTATTGACGCTGAGGCACGAAAGCGTGGGGATCAAACAGGATTAGAAA","Bacteria","Bacteroidetes","Bacteroidia","Bacteroidales","Rikenellaceae",NA,NA
"GCGGTAATACGTAGGGGGCGAGCGTTATCCGGATTCATTGGGCGTAAAGCGCGCGTAGGCGGCCCGGCAGGCCGGGGGTCGAAGCGGGGGGCTCAACCCCCCGAAGCCCCCGGAACCTCCGCGGCTTGGGTCCGGTAGGGGAGGGTGGAACACCCGGTGTAGCGGTGGAATGCGCAGATATCGGGTGGAACACCGGTGGCGAAGGCGGCCCTCTGGGCCGAGACCGACGCTGAGGCGCGAAAGCTGGGGGAGCGAACAGGATTAGAAA","Bacteria","Actinobacteria","Coriobacteriia","Coriobacteriales","Coriobacteriaceae",NA,NA
"GCGGTAATACGTAGGGGGCAAGCGTTGTCCGGAATGACTGGGCGTAAAGGGTGTGTAGGCGGGCTCGCAAGTTGGATGTGTAATACCCAGAGCTTAACTCGGGTGCTGCATCTGAAACTACGAGTCTTGAGTGTCGGAGAGGTAAGTGGAATTCCTAGTGTAGCGGTGGAATGCGTAGATATTAGGAGGAACATCAGTGGCGAAGGCGACTTACTGGACGATAACTGACGCTGAGGCACGAAAGCGTGGGGAGCAAACAGGATTAGAAA","Bacteria","Firmicutes","Clostridia","Clostridiales","Clostridiales_vadinBB60_group",NA,NA
"GCGGTAATACGTAGGTCCCAAGCGTTGTCCGGATTTATTGGGCGTAAAGCGAGCGCAGGTGGTTTCTTAAGTCTGATGTAAAAGGCAGTGGCTCAACCATTGTGTGCATTGGAAACTGGGAGACTTGAGTGCAGGAGAGGAGAGTGGAATTCCATGTGTAGCGGTGAAATGCGTAGATATATGGAGGAACACCGGAGGCGAAAGCGGCTCTCTGGCCTGTAACTGACACTGAGGCTCGAAAGCGTGGGGAGCAAACAGGATTAGAAA","Bacteria","Firmicutes","Bacilli","Lactobacillales","Streptococcaceae",NA,NA
"GCGGTAATACGTAGGGGGCAAGCGTTGTCCGGAATAATTGGGCGTAAAGGGCGCGTAGGCGGCTCGGTAAGTCTGGAGTGAAAGTCCTGCTTTTAAGGTGGGAATTGCTTTGGATACTGTCGGGCTTGAGTGCAGGAGAGGTTAGTGGAATTCCCAGTGTAGCGGTGAAATGCGTAGAGATTGGGAGGAACACCAGTGGCGAAGGCGACTAACTGGACTGTAACTGACGCTGAGGCGCGAAAGTGTGGGGAGCAAACAGGATTAGAAA","Bacteria","Firmicutes","Clostridia","Clostridiales","Christensenellaceae",NA,NA
"GCGGTAATACGTAGGTGGCGAGCGTTGTCCGGAATTATTGGGCGTAAAGAGCATGTAGGCGGTTTTTTAAGTCTGGAGTGAAAATGCGGGGCTCAACCCCGTATGGCTCTGGATACTGGAAGACTTGAGTGCAGGAGAGGAAAGGGGAATTCCCAGTGTAGCGGTGAAATGCGTAGATATTGGGAGGAACACCAGTGGCGAAGGCGCCTTTCTGGACTGTGTCTGACGCTGAGATGCGAAAGCCAGGGTAGCGAACGGGATTAGAAA","Bacteria","Firmicutes","Negativicutes","Selenomonadales","Acidaminococcaceae",NA,NA
"GCGGTAATACGGAGGGTGCAAGCGTTACTCGGAATCACTGGGCGTAAAGGGCGCGTAGGCGGATTATCAAGTCTCTTGTGAAATCTAGGAGCTTAACTTCTAAACTGCTTGGGAAACTGATAATCTAGAGTGGGGGAGAGGCAGATGGAATTGGTGGTGTAGGGGTAAAATCCGTAGATATCACCAAGAATACCCATTGCGAAGGCGATCTGCTGGAACTTAACTGACGCTAATGCGCGAAAGCGTGGGGAGCAAACAGGATTAGAAA","Bacteria","Epsilonbacteraeota","Campylobacteria","Campylobacterales","Campylobacteraceae",NA,NA
"GCGGTAATACGTAGGGTGCAAGCGTTAATCGGAATTACTGGGCGTAAAGCGTGCGCAGGCGGTTGGGTAAGACAGATGTGAAATCCCCGGGCTTAACCTGGGAACTGCATTTGTGACTGTCCGACTGGAGTACGTCAGAGGGGGGTGGAATTCCGCGTGTAGCAGTGAAATGCGTAGATATGCGGAAGAACACCGATGGCGAAGGCAGCCCCCTGGGACGCAACTGACGCTCATGCACGAAAGCGTGGGGAGCAAACAGGATTAGAAA","Bacteria","Proteobacteria","Gammaproteobacteria","Betaproteobacteriales","Burkholderiaceae",NA,NA
"GCGGTAATACGGAGGGTGCAAGCGTTAATCGGAATTACTGGGCGTAAAGCGCACGCAGGCGGTTTGTTAAGTCAGATGTGAAATCCCCGGGCTCAACCTGGGAACTGCATCTGATACTGGCAAGCTTGAGTCTCGTAGAGGGGGGTAGAATTCCAGGTGTAGCGGTGAAATGCGTAGAGATCTGGAGGAATACCGGTGGCGAAGGCGGCCCCCTGGACGAAGACTGACGCTCAGGTGCGAAAGCGTGGGGAGCAAACAGGATTAGAAA","Bacteria","Proteobacteria","Gammaproteobacteria","Enterobacteriales","Enterobacteriaceae",NA,NA
"GCGGTAATACGTAGGTGGCAAGCGTTGTCCGGATTTATTGGGCGTAAAGCGAGCGCAGGCGGTTTCTTAAGTCTGATGTGAAAGCCCCCGGCTCAACCGGGGAGGGTCATTGGAAACTGGGAGACTTGAGTGCAGAAGAGGAGAGTGGAATTCCATGTGTAGCGGTGAAATGCGTAGATATATGGAGGAACACCAGTGGCGAAGGCGGCTCTCTGGTCTGTAACTGACGCTGAGGCTCGAAAGCGTGGGGAGCAAACAGGATTAGAAA","Bacteria","Firmicutes","Bacilli","Lactobacillales","Enterococcaceae",NA,NA
"GCGGTAATACGGAGGATGCGAGCGTTATCCGGATTTATTGGGTTTAAAGGGTGCGTAGGTCGCCGATTAAGTCAGCGGTGAAATCCAGTGGCTCAACCATCGGACTGCCGTTGAAACTGGCCGGCTTGAGTATGATTGAGGCAGGCGGAATGCGTGGTGTAGCGGTGAAATGCATAGATATCACGCAGAACCCCGATTGCGAAGGCAGCTTGCCAAGCCATGACTGACACTGAAGCACGAAAGCGTGGGTATCAAACAGGATTAGAAA","Bacteria","Bacteroidetes","Bacteroidia","Bacteroidales","Tannerellaceae",NA,NA
"GCGGTAATACGGAGGGTGCAAGCGTTAATCGGAATCACTGGGCGTAAAGCGCACGTAGGCTGTTATGTAAGTCAGGGGTGAAATCCCACGGCTCAACCGTGGAACTGCCCTTGATACTGCACGACTTGAATCCGGGAGAGGGTGGCGGAATTCCAGGTGTAGGAGTGAAATCCGTAGATATCTGGAGGAACATCAGTGGCGAAGGCGGCCACCTGGACCGGTATTGACGCTGAGGTGCGAAAGCGTGGGGAGCAAACAGGATTAGAAA","Bacteria","Proteobacteria","Deltaproteobacteria","Desulfovibrionales","Desulfovibrionaceae",NA,NA
"GCGGTAATACGTATGGGGCGAGCGTTATCCGGATTCATTGGGCGTAAAGCGCGCGTAGGCGGAGCGCTAAGCGGGACCTCTAACCCGAGGGCTCAACCCCCGGCCGGGTCCCGAACTGGCGCTCTCGAGTGCGGTAGGGGAGAGCGGAATTCCCGGTGTAGCGGTGGAATGCGCAGATATCGGGAAGAACACCGACGGCGAAGGCAGCTCTCTGGGCCGAAACTGACGCTGAGGCGCGAAAGCTGGGGGAGCGAACAGGATTAGAAA","Bacteria","Actinobacteria","Coriobacteriia","Coriobacteriales","Eggerthellaceae",NA,NA
"GCGGTAATACGGAGGATGCGAGCGTTATCCGGATTTATTGGGTTTAAAGGGTGCGTAGGCGGACTGTTAAGTCAGTGGTGAAAGGGTGTGGCTCAACCATACGATTGCCGTTGATACTGGTGGTCTTGAGTGTAAACGAGGTAGGCGGAATGTGATGTGTAGCGGTGAAATGCTTAGATATGTCACAGAACCCCGATTGCGAAGGCAGCTTACCAGGATACAACTGACGCTGAGGCACGAAAGCGTGGGTATCAAACAGGATTAGAAA","Bacteria","Bacteroidetes","Bacteroidia","Bacteroidales","Bacteroidales_RF16_group",NA,NA
"GCGGTAATACGTAGGGGGCGAGCGTTATCCGGATTCATTGGGCGTAAAGCGCTCGTAGGCTGCCCGCTAGGTCCGGGGTCAAATCCGGGGGCTCAACCCCCGCACGCCCCGGATACCGGCGGGCTTGAGTCGGGTAGGGGAAGGCGGAATTCCAGGTGTAGCGGTGGAATGCGCAGATATCTGGAAGAACACCGGTGGCGAAGGCGGCCTTCTGGGCCTCGACTGACGCTGAGGAGCGAAAGCTGGGGGAGCGAACAGGATTAGAAA","Bacteria","Actinobacteria","Coriobacteriia","Coriobacteriales","Atopobiaceae",NA,NA
"GCGGTAACACCGGCAGCTCTAGTGGTAGCAGTTTTTATTGGGCCTAAAGCGTCCGTAGCCGGTTTAATAAGTCTCTGGTGAAATCCTGCAGCTTAACTGTGGGAATTGCTGGAGATACTATTAGACTTGAGATCGGGAGAGGTTAGAGGTACTCCCAGGGTAGAGGTGAAATTCTGTAATCCTGGGAGGACCGCCTGTTGCGAAGGCGTCTGACTGGAACGATTCTGACGGTGAGGGACGAAAGCTAGGGGCGCGAACCGGATTAGAAA","Archaea","Euryarchaeota","Methanobacteria","Methanobacteriales","Methanobacteriaceae",NA,NA
"GCGGTAATACGGAGGGTGCGAGCGTTAATCGGAATAACTGGGCGTAAAGGGCACGCAGGCGGTGACTTAAGTGAGGTGTGAAAGCCCCGGGCTTAACCTGGGAATTGCATTTCATACTGGGTCGCTAGAGTACTTTAGGGAGGGGTAGAATTCCACGTGTAGCGGTGAAATGCGTAGAGATGTGGAGGAATACCGAAGGCGAAGGCAGCCCCTTGGGAATGTACTGACGCTCATGTGCGAAAGCGTGGGGAGCAAACAGGATTAGAAA","Bacteria","Proteobacteria","Gammaproteobacteria","Pasteurellales","Pasteurellaceae",NA,NA
"GCGGTAATACGTAGGGGGCAAGCGTTGTCCGGAATTATTGGGCGTAAAGAGTACGTAGGCGGTCTGGTAAGCGCAAGGTGAAAGGCATAGGCTCAACCAATGTCAGCCTTGCGAACTGTCAGACTTGAGTGCAGGAGGGGAAAGTGGAATTCCTAGTGTAGCGGTGAAATGCGTAGATATTAGGAGGAACACCAGTGGCGAAGGCGACTTTCTGGACTGTAACTGACGCTGAGGTACGAAAGCGTGGGGAGCAAACAGGATTAGAAA","Bacteria","Firmicutes","Clostridia","Clostridiales","Family_XIII",NA,NA
"GCGGTAATACGTATGTCGCAAGCGTTATCCGGATTTATTGGGCGTAAAGCGCGTCTAGGCGGAAAAATAAGTCTGATGTGAAAATGCGGGGCTCAACTCCGTATTGCGTTGGAAACTGTTTTTCTAGAGTACTGGAGAGGTGGGCGGAACTACAAGTGTAGAGGTGAAATTCGTAGATATTTGTAGGAATGCCGATGGAGAAGTCAGCTCACTGGACAGATACTGACGCTGAAGCGCGAAAGCGTGGGGAGCAAACAGGATTAGAAA","Bacteria","Fusobacteria","Fusobacteriia","Fusobacteriales","Fusobacteriaceae",NA,NA
"GCGGTAATACGTAGGGGGCAAGCGTTATCCGGAATTATTGGGCGTAAAGGGTGCGTAGGCGGGTTATCAAGTCTTTGGTTAAAATGCGGTGCTCAACGCCGTAGTGCCAAAGAAACTGATAGTCTAGAGTATGGTAGAAGTGAGTGGAACTCCATGTGTAGCGGTAAAATGCGTAAATATATGGAAGAACACCAGTGGCGAAGGCGGCTCACTAGGCCAATACTGACGCTGAGACACGAAAGCGTGGGGAGCAAACAGGATTAGAAA","Bacteria","Tenericutes","Mollicutes","Anaeroplasmatales","Anaeroplasmataceae",NA,NA
"GCGGTAATACGTAGGTGGCGAGCGTTGTTCGGATTTATTGGGCGTAAAGGGTCTGTAGGAGGTTTGTTAAATACGAGGTGAAATCCGGGGGCTCAACTTCCGAATTGCCTTGTAGACTGATGAACTAGAGTACTGGAGAGGTAAGCGGAATACCAGGTGTAGCGGTGGAATGCGTAGATATCTGGTAGAACACCAATAGCGAAGGCAGCTTGCTGGACAGAAACTGACTCTGAAAGACGAAAGCATGGGGAGCAAACAGGATTAGAAA","Bacteria","Lentisphaerae","Lentisphaeria","Victivallales","Victivallaceae",NA,NA
"GCGGTAACACGTAGGTGGCGAGCGTTATTCGGATTCACTGGGCGTAAAGGGTCCGCAGGGGGCCCTCCAAGCCCGCCGTGAAATCCCGGGGCTCAACCCCGGGCGTGCGGCGGGGACTGGCGGGCTGGAGTGCGCGATGGGCAGACGGAACACCAGGTGTAGCGGTGGAATGCGTGGATATCTGGTGGAACACCGATGGCGAAGGCGGTCTGCTGGCGCGTCACTGACCCTCAGGGACGAAAGCGTGGGTAGCAAACAGGATTAGAAA","Bacteria","Lentisphaerae","Oligosphaeria","Oligosphaerales","Oligosphaeraceae",NA,NA
"GCGGTAATACAGAGGTCTCAAGCGTTGTTCGGAATCACTGGGCGTAAAGCGTGCGTAGGCTGTTTCGTAAGTCGTGTGTGAAAGGCGCGGGCTCAACCCGCGGACGGCACATGATACTGCGAGACTAGAGTAATGGAGGGGGAACCGGAATTCTCGGTGTAGCAGTGAAATGCGTAGATATCGAGAGGAACACTCGTGGCGAAGGCGGGTTCCTGGACATTAACTGACGCTGAGGCACGAAGGCCAGGGGAGCGAAAGGGATTAGAAA","Bacteria","Verrucomicrobia","Verrucomicrobiae","Verrucomicrobiales","Akkermansiaceae",NA,NA
"GCGGTAATACGGAGGATGCGAGCGTTATCCGGATTTATTGGGTTTAAAGGGTGCGTAGGCGGTTTATTAAGTTAGTGGTTAAATATTTGAGCTAAACTCAATTGTGCCATTAATACTGGTAAACTGGAGTACAGACGAGGTAGGCGGAATAAGTTAAGTAGCGGTGAAATGCATAGATATAACTTAGAACTCCGATAGCGAAGGCAGCTTACCAGACTGTAACTGACGCTGATGCACGAGAGCGTGGGTAGCGAACAGGATTAGAAA","Bacteria","Bacteroidetes","Bacteroidia","Bacteroidales","Marinifilaceae",NA,NA
"GCGGTAATACGGAGACTGCGAGCGTTACTCGGATTCACTGGGCGTAAAGGGAGCGCAGGCGGGTGTATGTGTTGGTTGTGAAATCTCGGGGCTTAACCCCGAAACAGCAGTTGAAACTATACATCTAGAGTATTGGAGGGGTAAGCGGAATTTCTGGAGTAGCGGTGAAATGCGCAGATATCAGAAGGAACACCGAAGGCGAAGGCAGCTTACTGGACAATAACTGACGCTCAGGCTCGAAAGTGTGGGTAGCAAAAAGGATTAGAAA","Bacteria","Verrucomicrobia","Verrucomicrobiae","Opitutales","Puniceicoccaceae",NA,NA
"GCGGTAATACGAAGGGTGCAAGCGTTGTTCGGAATTACTGGGTGTAAAGGGCATGTAGGCGGAGATAACAGTTAGTGGTGAAATGCCTGGGCTTAACCTGGGAACTGCCATTGATACATTATTTCTAGAGGATTGGAGAGGATAGCGGAATATCCAGTGTAGAGGTGAAATTCGTAGATATTGGATAGAACACCGGTGGCGAAGGCGGCTATCTGGCCTATTACTGACGCTGAGATGCGAAAGCGTGGGGAGCAAACAGGATTAGATA","Bacteria","Proteobacteria","Alphaproteobacteria","Rickettsiales","Anaplasmataceae",NA,NA
"GCGGTAATACGGAGGATTCGAGCGTTATCCGGATTTATTGGGTTTAAAGGGTGCGTAGGCGGTTAAATAAGTTTGAGGTAAAAGACCATTGCTCAACAGTGGCACGCCTTGAAAACTGTTTGACTAGGAAGTAAACGGCGCAGGCGGAATGAATCAAGTAGCGGTGACATGCATAGATATGATTCAGAACACCGATCGCGAAGGCAGCTTGCGAGGATACGATTGACGCTGATGCACGAAAGCGTGGGTATCGAACAGGATTAGAAA","Bacteria","Bacteroidetes","Bacteroidia","Bacteroidales","p-2534-18B5_gut_group",NA,NA
"GCGGTAATACGTATGTTCCAAGCGTTATCCGGATTTATTGGGCGTAAAGCGAGCGCAGACGGTTATTTAAGTCTGAAGTGAAAGCCCTCAGCTCAACTGAGGAATTGCTTTGGAAACTGGATGACTTGAGTGCAGTAGAGGAAAGTGGAACTCCATGTGTAGCGGTGAAATGCGTAGATATATGGAAGAACACCAGTGGCGAAGGCGGCTTTCTGGACTGTAACTGACGTTGAGGCTCGAAAGTGTGGGTAGCAAACAGGATTAGAAA","Bacteria","Firmicutes","Bacilli","Lactobacillales","Leuconostocaceae",NA,NA
"GCGGTAATACGTAGGGGGCAAGCGTTATCCGGAATTACTGGGTGTAAAGGGTGCGTAGGCGGTATGGCAAGTTTGATGTGAAACCCACAGGCTTAACCTGTGGCTTGCATCGAAAACTACTGAACTAGAGTGCAGGAGAGGAAAGCGGAATTCCTAGTGTAGCGGTGAAATGCGTAGATATTAGGAAGAACACCAGTGGCGAAGGCGGCTTTCTGGACTGCAACTGACGCTGAGGCACGAAAGCGTGGGGAGCAAACAGGATTAGAAA","Bacteria","Firmicutes","Clostridia","Clostridiales","Defluviitaleaceae",NA,NA
"GCGGTAATACGTAGGGAGCAAGCGTTGTCCGGAATTACTGGGCGTAAAGGGCGCGTAGGCGGACGGATAAGTCAGATGTGAAATCTCCGGGCTCAACCTGGAGCGTGCATTTGAAACTGTCTGTCTTGAGGGCAGGAGAGGAAAGTGGAATTCCTAGTGTAGCGGTGAAATGCGTAGATATTAGGAGGAACACCAGTGGCGAAGGCGACTTTCTGGACTGAACCTGACGCTGAGGCGCGAAAGCATGGGGAGCGAACGGGATTAGAAA","Bacteria","Firmicutes","Clostridia","Clostridiales","Peptococcaceae",NA,NA
"GCGGTAATACGAGGGGTGCGAGCGTTGTTCGGAATCACTGGGCGTAAAGGGAGCGTAGGCGGACCGCCAAGCGTTCTGTGCAATCCCGGGGCCCAACCCCGGACCCGCAGAGCGAACTGGCGGCCTTGAGTGGTCCAGAGGCCGGCGGAATTCCTGGTGTAGCGGTGGAATGCGTAGATATCAGGAAGAACACCGATGGCGAAGGCAGCCGGCTGGGGACCAACTGACGCTGAGGCTCGAAGGCGCGGGCAGCAAACAGGATTAGAAA","Bacteria","Fibrobacteres","Fibrobacteria","Fibrobacterales","Fibrobacteraceae",NA,NA
"GCGGTAATACCTGCAGCCCAAGTGGTGGTCGATTTTATTGAGTCTAAAACGTTCGTAGCCGGTCTGGTAAATCCTTGGGTAAATCGGGGAGCTCAACTTTCCGAATTCCGAGGAGACTGCCAGACTTGGGACCGGGAGAGGCTAGAGGTACTTCTGGGGTAGGGGTAAAATCCTGTAATCCTAGAAGGACCACCGGTGGCGAAGGCGTCTAGCTAGAACGGATCCGACGGTGAGGGACGAAGCCCTGGGTCGCAAACGGGATTAGAAA","Archaea","Euryarchaeota","Thermoplasmata","Methanomassiliicoccales","Methanomethylophilaceae",NA,NA
"GCGGTAATACGGAGGATGCGAGCGTTATCCGGATTTATTGGGTTTAAAGGGTGCGTAGGCGGCACGCCAAGTCAGCGGTGAAATTTCCGGGCTCAACCCGGAATGTGCCGTTGAAACTGGCGAGCTAGAGTGCACAAGAGGCAGGCGGAATGCGTGGTGTAGCGGTGAAATGCATAGATATCACGCAGAACCCCGATTGCGAAGGCAGCCTGCTAGGGTGCGACAGACGCTGAGGCACGAAAGCGTGGGTATCGAACAGGATTAGAAA","Bacteria","Bacteroidetes","Bacteroidia","Bacteroidales","Barnesiellaceae",NA,NA
"GCGGTAATACGTAGGAGGCAAGCGTTATCCGGAATTATTGGGCGTAAAGAGCATGTAGGCGGTTTATTAAGTCTGATGTGAAAGCCAATGGCCTAACCATTGAATTGCATTGGAAACTGGTAAACTAGAATACTGGAGAGGTAAGTGGAACTCCATGTGTAGCGGTGGAATGCGCAGATATATGGAAGAACACCAACGGCGAAGGCAGCTTACTGGACAGTGATTGACGCTGAGATGCGAAAGCGTGGGGAGCAAACAGGATTAGAAA","Bacteria","Tenericutes","Mollicutes","Mycoplasmatales","Mycoplasmataceae",NA,NA
"GCGGTAATACGTAGGGAGCAAGCGTTATCCGGATTTATTGGGCGTAAAGCGCGCGTAGGCGGCTTGTTAAGCAAGATCTCAAATCTGGGGGCTCAACCTCCAGCCGGATTTTGAACTGGCAGGCTCGAGTTTGGTAGAGGAAAGTGGAATTCCCAGTGTAGCGGTGAAATGCGCAGATATTGGGAAGAACACCGATGGCGAAGGCAGCTTTCTGGGCCATAACTGACGCTGAGGTGCGAAAGCTAGGGGAGCAAACAGGATTAGAAA","Bacteria","Actinobacteria","Coriobacteriia","Coriobacteriales","Coriobacteriales_Incertae_Sedis",NA,NA
"GCGGTAATACGGAGGGTGCAAGCGTTACTCGGAATCACTGGGCGTAAAGAGTGCGCAGGCGGGATAGCAAGTCAGATGTGAAATGCTATGGCTTAACCATAGAACTGCATTTGAAACTGCTATTCTAGAGTGTGGGAGAGGTAGGTGGAATTCTTGGTGTAGGGGTAAAATCCGTAGAGATCAAGAGGAATACTCATTGCGAAGGCGACCTACTGGAACATTACTGACGCTCATGCACGAAAGCGTGGGGAGCAAACAGGATTAGAAA","Bacteria","Epsilonbacteraeota","Campylobacteria","Campylobacterales","Helicobacteraceae",NA,NA
"GCGGTAATACGTAGGTGGCAAGCGTTGTCCGGATTTATTGGGCGTAAAGCGAGCGCAGGCGGTTCCTTAAGTCTGATGTGAAAGCCCCCGGCTCAACCGGGGAGGGTCATTGGAAACTGGGGAACTTGAGTGCAGAAGAGGAGAGTGGAATTCCATGTGTAGCGGTGAAATGCGTAGATATATGGAGGAACACCAGTGGCGAAGGCGACTCTCTGGTCTGTAACTGACGCTGAGGCTCGAAAGCGTGGGTAGCAAACAGGATTAGAAA","Bacteria","Firmicutes","Bacilli","Lactobacillales","Carnobacteriaceae",NA,NA
"GCGGTAATACGAAGGGTGCAAGCGTTGTTCGGAATTACTGGGCGTAAAGGGCGTGTAGGCGGATATATCAGTCAGGAGTGAAATGCCGGGGCTTAACTTCGGAACTGCTTTTGAGACGGTATATCTAGAGTATATTAGGGGACAATGGAACACCCAGTGTAGAGGTGAAATTCGTAGATATTGGGTAGAACACCGGAGGCGAAGGCGATTGTCTGGGATATAACTGACGCTGAGGCGCGAAAGCGTGGGGATCAAACAGGATTAGAAA","Bacteria","Proteobacteria","Alphaproteobacteria","Rhodospirillales","Terasakiellaceae",NA,NA
"GCGGTAATACGTAGGTGGCGAGCGTTATCCGGAATTATTGGGCGTAAAGCGCGCGCAGGTGGTTTCTTAAGTCTGATGTGAAAGCCTACGGCTCAACCGTAGAATTGCATTGGAAACTGGGAGACTTGAGTGCAGAAGAGGAAAGTGGAATTCCACGTGTAGCGGTGAAATGCGTAGAGATGTGGAGGAACACCGGTGGCGAAGGCGACTTTCTGGTCTGCAACTGACACTGAGGCGCGAAAGCGTGGGGAGCAAACAGGATTAGAAA","Bacteria","Firmicutes","Bacilli","Bacillales","Planococcaceae",NA,NA
"GCGGTAATACGTAGGGCGCGAGCGTTGTCCGGAATTATTGGGCGTAAAGAGCTTGTAGGCGGTTTGTCGCGTCTGCTGTGAAAGGCCGGGGCTTAACCCCGTGTATTGCAGTGGGTACGGGCAGACTAGAGTGCAGTAGGGGAGACTGGAATTCCTGGTGTAGCGGTGGAATGCGCAGATATCAGGAGGAACACCGATGGCGAAGGCAGGTCTCTGGGCTGTAACTGACGCTGAGAAGCGAAAGCATGGGGAGCGAACAGGATTAGAAA","Bacteria","Actinobacteria","Actinobacteria","Micrococcales","Micrococcaceae",NA,NA
"GCGGTAATACGTATGTTGCGAGCGTTATCCGGAATTATTGGGCTTAAAGGGCATCTAGGCGGTAAGACAAGTTGAAGGTGAAAACCTGTGGCTCAACCATAGGCTTGCCTACAAAACTGTTGAACTAGAGTACTGGAAAGGTGGGTGGAACTACACGAGTAGAGGTGAAATTCGTAGATATGTGTAGGAATGCCGATGATGAAGATAACTCACTGGACAGAAACTGACGCTGAAGTGCGAAAGCTAGGGGAGCAAACAGGATTAGAAA","Bacteria","Fusobacteria","Fusobacteriia","Fusobacteriales","Leptotrichiaceae",NA,NA
"GCGGTAATACGTAGGGCGCGAGCGTTGTCCGGAATTATTGGGCGTAAAGGGCTTGTAGGCGGTTGGCCGCGTCTGCCGTGAAATCCTCTGGCTTAACTGGGGGCGTGCGGTGGGTACGGGTTGACTTGAGTGCGGTAGGGGAGACTGGAATTCCTGGTGTAGCGGTGGAATGCGCAGATATCAGGAGGAACACCGGTGGCGAAGGCGGGTCTCTGGGCCGTTACTGACGCTGAGGAGCGAAAGCGTGGGGAGCGAACAGGATTAGAAA","Bacteria","Actinobacteria","Actinobacteria","Actinomycetales","Actinomycetaceae",NA,NA
"GCGGTAATACGGAGGATACGAGCGTTATCCGGAATTATTGGGTTTAAAGGGTGCGTAGGTGGCGTATTAAGTCAGTGGTGAAAAGCTGCAGCTCAACTGTAGTCTTGCCGTTGAAACTGATATGCTAGAGAGGAGACGAGGTATGCGGAATGTGTGGTGTAGCGGTGAAATGCATAGATATCACACAGAACGCCGATTGCGAAGGCAGCGTACCAGGCTCCGTCTGACACTGAAGCACGAAAGCGTGGGGATCAAACAGGATTAGAAA","Bacteria","Bacteroidetes","Bacteroidia","Bacteroidales","Porphyromonadaceae",NA,NA
"GCGGTAATACGTAGGAGGCAAACGTTGCTCGGATTTACTGGGCGTAAAGGGTGAGTAGGCGGAACTATAAGTCTAAGGTGAAATATCGAAGCTCAACTTCGGAGACGCCTCGGATACTGTGGTTCTTGGATATTGTAGGGGATGATGGAATTCTCGGTGTAGCGGTGGAATGTATAGATATCGAGAAGAACACCTATAGCGAAGGCAGTCATCTGGGCATTTATCGACGCTGAATCACGAAAGCTGGGGGAGCAAACAGGATTAGAAA","Bacteria","Spirochaetes","Brachyspirae","Brachyspirales","Brachyspiraceae",NA,NA
"GCGGTAATACGTAGGGGGCAAGCGTTGTCCGGAATTACTGGGCGTAAAGGGCACGCAGGCGGCTCGGTCAGTCAGATGTGAAAGTTTGCAGCTTAACTGTAAAAGTGCATTTGATACTGCCGGGCTTGAGTCTCGGAGAGGTAAGCGGAATTCCTAGTGTAGTAGTGAAATGCGTAGAGATTAGGAAGAACACCGGCGGCGAAGGCGGCTTACTGGACGAGTACTGACGCTCAGGTGCGAAAGCGTGGGGAGCAAACAGGATTAGAAA","Bacteria","Firmicutes","Clostridia","Clostridiales","Eubacteriaceae",NA,NA
"GCGGTAATACGAAGGGTGCAAGCGTTAATCGGAATTACTGGGCGTAAAGCGCGCGTAGGTGGTTTGTTAAGTTGGAAGTGAAAGCCCCGGGCTCAACCTGGGAACTGCTTTCAAAACTGGCAAGCTAGAGTATGGCAGAGGGTGGTGGAATTTCCTGTGTAGCGGTGAAATGCGTAGATATAGGAAGGAACACCAGTGGCGAAGGCGACCACCTGGGCTAATACTGACACTGAGGTGCGAAAGCGTGGGGAGCAAACAGGATTAGAAA","Bacteria","Proteobacteria","Gammaproteobacteria","Pseudomonadales","Pseudomonadaceae",NA,NA
"GCGGTAATACGGAGGATGCGAGCGTTATCCGGATTTATTGGGTTTAAAGGGTGCGTAGGCGGATGAATAAGTCAGTGGTGAAAGTTTGCAGCTTAACTGTAAAATTGCCGTTGAAACTGTTTATCTTGAGTGCAGTAGAGGTAAGCGGAATGTGTTGTGTAGCGGTGAAATGCTTAGATATGACACAGAACCCCAATTGCGAAGGCAGCTTACTAGAGTGTCACTGACGCTGAGGCACGAAAGCGTGGGTATCAAACAGGATTAGAAA","Bacteria","Bacteroidetes","Bacteroidia","Bacteroidales","Paludibacteraceae",NA,NA
"GCGGTAATACAGAGGTCCCAAGCGTTGTTCGGAATCACTGGGCGTAAAGGGTGCGTAGGCGGTGTGGTAAGACTTAGGTGAAATCCCTGTGCTCAACGCAGTGGGCTGCCTAAGAGACTGTCATGCTGGAGTAATGGAGGGGAGACTGGAATTCCTGGAGTAGCAGTGAAATGCGTAGATATCAGGAGGAACACCAGTGGCGAAGGCGAGTCTCTGGCCATTAACTGACGCTGAGGCACGAAGGCCAGGGGATCAAACGGGATTAGAAA","Bacteria","Verrucomicrobia","Verrucomicrobiae","Pedosphaerales","Pedosphaeraceae",NA,NA
"GCGGTAATACGTAGGGTGCGAGCGTTGTCCGGAATTACTGGGCGTAAAGAGCTCGTAGGTGGTTTGTCGCGTCGTCTGTGAAATTCCGGGGCTTAACTCCGGGCGTGCAGGCGATACGGGCATAACTTGAGTGCTGTAGGGGAGACTGGAATTCCTGGTGTAGCGGTGAAATGCGCAGATATCAGGAGGAACACCGATGGCGAAGGCAGGTCTCTGGGCAGTAACTGACGCTGAGGAGCGAAAGCATGGGGAGCGAACAGGATTAGAAA","Bacteria","Actinobacteria","Actinobacteria","Corynebacteriales","Corynebacteriaceae",NA,NA
"GCGGTAATACGTAGGGTACGAGCGTTGTCCGGAATTATTGGGCGTAAAGAGCTCGTAGGTGGTTGGTCACGTCTGCTGTGGAAACGCAACGCTTAACGTTGCGCGTGCAGTGGGTACGGGCTGACTAGAGTGCAGTAGGGGAGTCTGGAATTCCTGGTGTAGCGGTGAAATGCGCAGATATCAGGAGGAACACCGGTGGCGAAGGCGGGACTCTGGGCTGTAACTGACACTGAGGAGCGAAAGCATGGGGAGCGAACAGGATTAGAAA","Bacteria","Actinobacteria","Actinobacteria","Micrococcales","Brevibacteriaceae",NA,NA
"GCGGTAATACGTAGGTGGCAAGCGTTATCCGGAATTATTGGGCGTAAAGCGCGCGTAGGCGGTTTCTTAAGTCTGATGTGAAAGCCCCCGGCTCAACCGGGGAGGGTCATTGGAAACTGGGGAACTTGAGTGCAGAAGAGGAGAGTGGAATTCCATGTGTAGCGGTGAAATGCGCAGAGATATGGAGGAACACCAGTGGCGAAGGCGGCTCTCTGGTCTGTAACTGACGCTGATGTGCGAAAGCGTGGGGATCAAACAGGATTAGAAA","Bacteria","Firmicutes","Bacilli","Bacillales","Staphylococcaceae",NA,NA
"GCGGTAATACGTAGGGACCAAGCGTTGTTCGGATTTACTGGGCGTAAAGGGCGCGTAGGCGGCGTGTTAAGTCAGCTGTGAAATCTCCAAGCTTAACTTGGAACGGTCAGCTGATACTGATGTGCTAGAGTGCAGAAGGGGCAACCGGAATTCTTGGTGTAGCGGTGAAATGCGTAGATATCAAGAGGAACACCTGAGGTGAAGACGGGTTGCTGGGCTGACACTGACGCTGAGGCGCGAAAGCTAGGGTAGCAAACGGGATTAGAAA","Bacteria","Acidobacteria","Blastocatellia_(Subgroup_4)","Blastocatellales","Blastocatellaceae",NA,NA
"GCGGTAATACAGAGGGTGCAAGCGTTAATCGGATTTACTGGGCGTAAAGCGCGCGTAGGTGGCCAATTAAGTCAAATGTGAAATCCCCGAGCTTAACTTGGGAATTGCATTCGATACTGGTTGGCTAGAGTATGGGAGAGGATGGTAGAATTCCAGGTGTAGCGGTGAAATGCGTAGAGATCTGGAGGAATACCGATGGCGAAGGCAGCCATCTGGCCTAATACTGACACTGAGGTGCGAAAGCATGGGGAGCAAACAGGATTAGAAA","Bacteria","Proteobacteria","Gammaproteobacteria","Pseudomonadales","Moraxellaceae",NA,NA
"GCGGTAATACGTAGGGTGCGAGCGTTAATCGGAATTACTGGGCGTAAAGCGAGCGCAGACGGTTACTTAAGCAGGATGTGAAATCCCCGGGCTCAACCTGGGAACTGCGTTCTGAACTGGGTGACTAGAGTGTGTCAGAGGGAGGTAGAATTCCACGTGTAGCAGTGAAATGCGTAGAGATGTGGAGGAATACCGATGGCGAAGGCAGCCTCCTGGGATAACACTGACGTTCATGCTCGAAAGCGTGGGTAGCAAACAGGATTAGAAA","Bacteria","Proteobacteria","Gammaproteobacteria","Betaproteobacteriales","Neisseriaceae",NA,NA
"GCGGTAATACGTATGGGGCGAGCGTTGTCCGGAATTATTGGGCGTAAAGGGTACGTAGGCGGTTTTTTAAGTCAGGTGTGAAAGCGTGAGGCTTAACCTCATTAAGCACTTGAAACTGGAAGACTTGAGTGAAGGAGAGGAAAGTGGAATTCCTAGTGTAGCGGTGAAATGCGTAGATATTAGGAGGAATACCGGTGGCGAAGGCGACTTTCTGGACTTTTACTGACGCTCAGGTACGAAAGCGTGGGGAGCAAACAGGATTAGAAA","Bacteria","Firmicutes","Clostridia","Clostridiales","Family_XI",NA,NA
"GCGGTAATACGTAGGGAGCGAGCGTTGTCCGGAATTACTGGGCGTAAAGGGCGCGTAGGCGGCGCTTCAAGTCGTCTGTCAAAAGCCGAGGCTCAACCTCGGCGCGCAGACGAAACTGGAGAGCTTGAGAAGCAGAGAGGCAAACAGAATTCCTGGTGTAGCGGTGAAATGCGTAGATATCAGGAAGAATACCAGTGGCGAAGGCGGTTTGCTGGCTGCATACTGACGCTGAAGCGCGAAAGCCAGGGGAGCAAACGGGATTAGAAA","Bacteria","Synergistetes","Synergistia","Synergistales","Synergistaceae",NA,NA
"GCGGTAATACGGAGGGTGCAAGCGTTAATCGGAATTACTGGGCGTAAAGCGCACGCAGGCGGTTGGATAAGTTAGATGTGAAAGCCCCGGGCTCAACCTGGGAATTGCATTTAAAACTGTCCAGCTAGAGTCTTGTAGAGGGGGGTAGAATTCCAGGTGTAGCGGTGAAATGCGTAGAGATCTGGAGGAATACCGGTGGCGAAGGCGGCCCCCTGGACAAAGACTGACGCTCAGGTGCGAAAGCGTGGGGAGCAAACAGGATTAGATA","Bacteria","Proteobacteria","Gammaproteobacteria","Aeromonadales","Aeromonadaceae",NA,NA
"GCGGTAATACGTAGGTGGCAAGCGTTGTCCGGAATTATTGGGCGTAAAGCGCGCGCAGGTGGTTTAATAAGTCTGATGTGAAAGCCCACGGCTCAACCGTGGAGGGTCATTGGAAACTGTTAAACTTGAGTGCAGGAGAGAAAAGTGGAATTCCTAGTGTAGCGGTGAAATGCGTAGAGATTAGGAGGAACACCAGTGGCGAAGGCGGCTTTTTGGCCTGTAACTGACACTGAGGCGCGAAAGCGTGGGGAGCAAACAGGATTAGAAA","Bacteria","Firmicutes","Bacilli","Bacillales","Family_XI",NA,NA
"GCGGTAATACGTAGGGCGCAAGCGTTGTCCGGAATTATTGGGCGTAAAGAGCTTGTAGGTGGCTTGTCGCGTCTGCCGTGAAAACCCGAGGCTCAACCTCGGGCGTGCGGTGGGTACGGGCAGGCTAGAGTGTGGTAGGGGAGACTGGAATTCCTGGTGTAGCGGTGAAATGCGCAGATATCAGGAAGAACACCGATGGCGAAGGCAGGTCTCTGGGCCATTACTGACACTGAGAAGCGAAAGCATGGGTAGCGAACAGGATTAGAAA","Bacteria","Actinobacteria","Actinobacteria","Micrococcales","Dermabacteraceae",NA,NA
"GCGGTAATACGGAGGATGCAAGCGTTATCCGGATTTATTGGGTTTAAAGGGTGCGTAGGCGGCCTGTTAAGTCAGGGGTGAAATGTTGCGGCTTAACCGCAGAACTGCCTTTGAAACTGGCAGGCTTGAATAAAGTTGAGGTAGGCGGAATGTGGCAAGTAGCGGTGAAATGCATAGAGATGCCACAGAACACCGATTGCGAAGGCAGCTTACTAAGCTTTGATTGACGCTGAGGCACGAAAGCGTGGGGATCAAACAGGATTAGAAA","Bacteria","Bacteroidetes","Bacteroidia","Sphingobacteriales","Sphingobacteriaceae",NA,NA
"GCGGTAATACGGAGGGAGCTAGCGTTGTTCGGAATTACTGGGCGTAAAGCGCGCGTAGGCGGCTTTGTAAGTTAGAGGTGAAAGCCCGGGGCTCAACCCCGGAACTGCCTTTAAGACTGCATCGCTTGAATCCAGGAGAGGTGAGTGGAATTCCGAGTGTAGAGGTGAAATTCGTAGATATTCGGAAGAACACCAGTGGCGAAGGCGGCTCACTGGACTGGTATTGACGCTGAGGTGCGAAAGCGTGGGGAGCAAACAGGATTAGATA","Bacteria","Proteobacteria","Alphaproteobacteria","Sphingomonadales","Sphingomonadaceae",NA,NA
"GCGGTAATACGTAGGGGGCTAGCGTTATCCGGAATTACTGGGCGTAAAGGGTGCGTAGGTGGTTTCTTAAGTCAGGGGTGAAAGGCTACGGCTCAACCGTAGTAAGCCTTTGAAACTGGGAAACTTGAGTGCAGGAGAGGAGAGTGGAATTCCTAGTGTAGCGGTGAAATGCGTAGATATTAGAAGGAACACCGGTGGCGAAGGCGACTTGCTGGGCCATCACTGACGCTGAGGCACGAAAGCGTGGGGAGCAAATAGGATTAGATA","Bacteria","Firmicutes","Clostridia","Clostridiales","Clostridiaceae_2",NA,NA
"GCGGTAATACGGAGGATCCAAGCGTTATCCGGAATCATTGGGTTTAAAGGGTCCGTAGGCGGGATAATAAGTCAGTGGTGAAAGTCTGCAGCTTAACTGTAGAATTGCCATTGAAACTGTTGTTCTTGAGTTATTATGAAGTGGTTAGAATGAGTAGTGTAGCGGTGAAATGCATAGATATTACTCAGAATACCGATTGCGAAGGCAGATCACTAATAATACACTGACGCTGATGGACGAAAGCGTAGGTAGCGAACAGGATTAGAAA","Bacteria","Bacteroidetes","Bacteroidia","Flavobacteriales","Flavobacteriaceae",NA,NA
"GCGGTAATACCGGCAGCTCGAGTGATAGCCACTATTATTGGGCCTAAAGCGTCCGTAGCCGGCCGAACAGGTCCGTCGGGAAATCCACCCGCTCAACGGGTGGACGTCCGGCGGAAACCAGTCGGCTTGGGGCCGGGAGACCAGAGAGGTACGTCCGGGGTAGGAGTGAAATCCTGTAATCCTGGACGGACCACCGGTAGCGAAAGCGTCTCTGGAGAACGGACCCGACGGTGAGGGACGAAAGCTTGGGTCTCGAACCGGATTAGATA","Archaea","Euryarchaeota","Halobacteria","Halobacteriales","Halococcaceae",NA,NA
"GCGGTAAGACGGAGGATGCAAGCGTTATCCGGAATGATTGGGCGTAAAGCGTCCGCAGGTGGCAGTTCAAGTCTGCTGTCAAAGACCGGGGCTTAACTTCGGAAAGGCAGTGGAAACTGAACAGCTAGAGTATGGTAGGGGCAGAGGGAATTCCTGGTGTAGCGGTGAAATGCGTAGAGATCAGGAAGAACATCGGTGGCGAAGGCGCTCTGCTGGACCATAACTGACACTCAGGGACGAAAGCTAGGGGAGCGAATGGGATTAGAAA","Bacteria","Cyanobacteria","Oxyphotobacteria","Nostocales","Phormidiaceae",NA,NA
"GCGGTAATACGTAAGGGGCGAGCGTTGCTCGGAATTACTGGGCGTAAAGGGCGTGTAGGCGGTTTATTAGGCCGAGTGTGAAAGACCGAGGCTCAACTTCGGGAACGCGCTCGGAACCGATAGACTAGAATCTAGGGGAAGGTAGTGGAATTTCCTGTGTAGCGGTGGAATGCATAGATATGGGAAGGAACACCAAAGGCGAAGGCAGCTACCTATGCTAAGATTGACGCTGAGGCGCGAAAGTGTGGGGATCAAATAGGATTAGAAA","Bacteria","Spirochaetes","Spirochaetia","Brevinematales","Brevinemataceae",NA,NA
"GCGGTAATACGTAGGGCGCAAGCGTTGTCCGGAATTATTGGGCGTAAAGAGCTCGTAGGCGGCTTGTCGCGTCTGTCGTGAAAGCCCACGGCTTAACTGTGGGTCTGCGGTGGATACGGGCAGGCTAGAGGCAGGTAGGGGAGAATGGAATTCCCGGTGTAGCGGTGAAATGCGCAGATATCGGGAGGAACACCGGTGGCGAAGGCGGTTCTCTGGGCCTGTACTGACGCTGAGGAGCGAAAGCGTGGGGAGCGAACAGGATTAGAAA","Bacteria","Actinobacteria","Actinobacteria","Streptosporangiales","Thermomonosporaceae",NA,NA
"GCGGTAATACGGAGGATGCGAGCGTTATCCGGATTTATTGGGTTTAAAGGGTGCGCAGGCGGGCTATTAAGTCAGCGGTGAAATCCGGTCGCTTAACGATCGAACTGCCGTTGAAACTGGCAGCCTTGAGTATGGATGAAGTAGGCGGAATTCGTTGTGTAGCGGTGACATGCATAGATATAACGAGGAACTCCGATTGCGTAGGCAGCTTACTAAACCATTACTGACGCTCAAGCACGAAAGCGTGGGGATCAAACAGGATTAGAAA","Bacteria","Bacteroidetes","Bacteroidia","Bacteroidales","Dysgonomonadaceae",NA,NA
"GCGGTAATACGGAGGGTGCAAGCGTTAATCGGAATTACTGGGCGTAAAGCGCGCGTAGGTGGCGTGTCACGCCGGGTGTGAAAGCCCTGGGCTCAACCTGGGAATGGCATCCGGAACGGGCAGGCTAGAGTGCAGGAGAGGAAGGTGGAATTCCCGGTGTAGCGGTGAAATGCGTAGAGATCGGGAGGAATACCAGTGGCGAAGGCGGCCTTCTGGACTGACACTGACACTGAGGTGCGAAAGCGTGGGTAGCAAACAGGATTAGAAA","Bacteria","Proteobacteria","Gammaproteobacteria","Oceanospirillales","Halomonadaceae",NA,NA
"GCGGTAATACGTAGGTGGCAAGCGTTGTCCGGAATTATTGGGCGTAAAGCGCGCGCAGGCGGTTCCTTAAGTCTGATGTGAAAGCCCACGGCTCAACCGTGGAGGGTCATTGGAAACTGGGGGACTTGAGTGCAGAAGAGGAGAGCGGAATTCCACGTGTAGCGGTGAAATGCGTAGAGATGTGGAGGAACACCAGTGGCGAAGGCGGCTCTCTGGTCTGTAACTGACGCTGAGGCGCGAAAGCGTGGGGAGCAAACAGGATTAGAAA","Bacteria","Firmicutes","Bacilli","Bacillales","Bacillaceae",NA,NA
"GCGGTAATACGTAGGGTGCGAGCGTTGTCCGGAATTATTGGGCGTAAAGGGCTCGTAGGCGGTTTGTCGCGTCGGAAGTGAAAACTCAGGGCTTAACCCTGTTCGTGCTTCCGATACGGGCAGACTAGAGGTAGGCAGGGGAGAACGGAATTCCTGGTGTAGCGGTGGAATGCGCAGATATCAGGAGGAACACCGGTGGCGAAGGCGGTTCTCTGGGCCTATTCTGACGCTGAGGAGCGAAAGCATGGGGAGCGAACAGGATTAGATA","Bacteria","Actinobacteria","Actinobacteria","Propionibacteriales","Nocardioidaceae",NA,NA
"GCGGTAATACGGAGGAGGCAAGCGTTATCCGGAATTATTGGGCGTAAAGCGTCCGCAGGTGGCTATTCAAGTCTGCGGTCAAAGACTGGGGCTTAACCCTGGAAAGGCCGTGGAAACTGAAGAGCTAGAGTGCAGTAGGGGTAGAGGGAATTCCCGGTGTAGCGGTGAAATGCGTAGAGCTCGGGAAGAACATCGGTGGCGAAAGCGCTCTGCTGGACTGCAACTGACACTCAGGGACGAAAGCTAGGGGAGCGAATGGGATTAGAAA","Bacteria","Cyanobacteria","Oxyphotobacteria","Nostocales","Coleofasciculaceae",NA,NA
"GCGGTAATACGTAGGGGGCGAGCGTTGTCCGGATTTACTGGGCGTAAAGAGTGCGTAGGTGGCTTTGCAAGTCAGATGTGAAATACCGGGGCTTAACCCCGGGGCTGCATCTGAAACTGTAGAGCTAGAGTACAGGAGGGGAAAGCGGAATTCCTAGTGGAGCGGTGAAATGCGTAGAGATTAGGAGGAACACCGGTGGCGAAGGCGGCTTTCTGGACTGCAACTGACACTGAGGCACGAAAGCGTGGGGAGCAAACAGGATTAGAAA","Bacteria","Firmicutes","Clostridia","Clostridiales","Caldicoprobacteraceae",NA,NA
"GCGGTAATACGAAGGGGGCTAGCGTTGTTCGGAATTACTGGGCGTAAAGCGCACGTAGGCGGACATTTAAGTCAGGGGTGAAATCCCGGAGCTCAACTCCGGAACTGCCTTTGATACTGGGTGTCTTGAGTATGGAAGAGGTTAGTGGAATTGCGAGTGTAGAGGTGAAATTCGTAGATATTCGCAGGAACACCAGTGGCGAAGGCGGCTAACTGGTCCATAACTGACGCTGAGGTGCGAAAGCGTGGGGAGCAAACAGGATTAGATA","Bacteria","Proteobacteria","Alphaproteobacteria","Rhizobiales","Rhizobiaceae",NA,NA
"GCGGTAATACGAAGGGTGCAAGCGTTACTCGGAATTACTGGGCGTAAAGCGTGCGTAGGTGGTTTGTTAAGTCTGATGTGAAAGCCCTGGGCTCAACCTGGGAATTGCATTGGATACTGGCAGGCTAGAGTGCGGTAGAGGGTAGTGGAATTCCCGGTGTAGCAGTGAAATGCGTAGAGATCGGGAGGAACATCTGTGGCGAAGGCGACTACCTGGACCAGCACTGACACTGAGGCACGAAAGCGTGGGGAGCAAACAGGATTAGAAA","Bacteria","Proteobacteria","Gammaproteobacteria","Xanthomonadales","Xanthomonadaceae",NA,NA
"GCGGTAATACGTAGGGTGCGAGCGTTGTCCGGAATTACTGGGCGTAAAGAGCTCGTAGGCGGTTTGTCACGTCGTCTGTGAAATCCTCCAGCTTAACTGGGGGCGTGCAGGCGATACGGGCAGACTTGAGTACTACAGGGGAGACTGGAATTCCTGGTGTAGCGGTGAAATGCGCAGATATCAGGAGGAACACCGGTGGCGAAGGCGGGTCTCTGGGTAGTAACTGACGCTGAGGAGCGAAAGCATGGGTAGCGAACAGGATTAGAAA","Bacteria","Actinobacteria","Actinobacteria","Corynebacteriales","Dietziaceae",NA,NA
"GCGGTAATACGGAAGGTCCGGGCGTTATCCGGATTTATTGGGTTTAAAGGGAGCGTAGATGGTTTTTTAAGTCAGCTGTCAAATGTATGGGCTCAACCCTTATTATCAGTTGAAACTGTAAGACTTGAGTGCGGTGTGGGTACATGGAATTCGTGGTGTAGCGGTGAAATGCATAGATATCACGAAGAACTCCGAAAGCGTAGGCATTGTACCATAGCGCCACTGACATTGATGCTCGAAGGTGCGGGAATCAAACAGGATTAGATA","Bacteria","Bacteroidetes","Bacteroidia","Bacteroidales","Bacteroidales_Incertae_Sedis",NA,NA
"GCGGTAATACTTAGGTGGCAAGCGTTGTCCGGATTTATTGGGCGTAAAGGGAGCGCAGGCGGTGTATAAAGTCTGATGTGAAAGTCCACGGCTCAACCGTGGGATTGCATTGGAAACTGATACACTTGAGGATAGAAGAGGATAGTGGAATTCCATGTGTAGTGGTGAAATACGTAGATATATGGAGGAACACCAGTGGCGAAGGCGGCTATCTGGTCTATCACTGACGCTGAGGCTCGAAAGCATGGGGAGCAAATAGGATTAGATA","Bacteria","Firmicutes","Bacilli","Lactobacillales","Aerococcaceae",NA,NA
"GCGGTAATACGTAGGGTGCGAGCGTTGTCCGGAATTATTGGGCGTAAAGAGCTCGTAGGCGGCGTGTCACGTCGGATGTGAAAGCCCGGGGCTTAACCCCGGGTCTGCATTCGATACGGGCAGGCTAGAGTTCGGTAGGGGAGATCGGAATTCCTGGTGTAGCGGTGAAATGCGCAGATATCAGGAGGAACACCGGTGGCGAAGGCGGATCTCTGGGCCGATACTGACGCTGAGGAGCGAAAGCGTGGGGAGCGAACAGGATTAGAAA","Bacteria","Actinobacteria","Actinobacteria","Streptomycetales","Streptomycetaceae",NA,NA
"GCGGTAAGACGTAGGGGGCGAGCGTTGTCCGGAATTACTGGGCGTAAAGAGCACGTAGGCGGAAACTTAAGTCCATTGTGAAAGACCGGGGCTCAACCCCGGGGTTGCAGTGGAAACTGAATTTCTTGAGGGCAGGAGAGGAAAGCGGAATTCCTGGTGTAGCGGTGAAATGCGTAGAAATCAGGAGGAACACCGGTGGCGAAGGCGGCTTTCTGGACTGACCCTGACGCTGAGGTGCGAAAGCGTGGGTAGCAAACAGGATTAGAAA","Bacteria","Firmicutes","Clostridia","Clostridiales","Syntrophomonadaceae",NA,NA
"GCGGTAATACGGAGGGTGCAAGCGTTATCCGGATTCACTGGGTTTAAAGGGTGCGTAGGTGGGTTGGTAAGTCAGTGGTGAAATCCCCGAGCTTAACTTGGGAACTGCCATTGATACTATCAGTCTTGAATACCGTGGAGGTCAGCGGAATATGTCATGTAGCGGTGAAATGCTTAGATATGACATAGAACACCAATTGCGAAGGCAGCTGGCTACACGATTATTGACACTGAGGCACGAAAGCGTGGGGATCAAACAGGATTAGAAA","Bacteria","Bacteroidetes","Bacteroidia","Chitinophagales","Chitinophagaceae",NA,NA
"GCGGTAATACGTAGGGACCTAGCGTTGTCCGGAATCATTGGGCGTAAAGCGCGCGTAGGCGGCCCGGTAAGTCCGTTGTAAAAGTCAAAGGCTCAACCTTTGAAAGCCGATGGATACTGCCGGGCTAGAGTCCGGAAGAGGCGAGTAGAATTCCTGGTGTAGCGGTGGAATGCGCAGATATCAGGAGGAATACCCATAGCGAAGGCAGCTCGCTGGGACGGTACTGACGCTGAGGCGCGAAAGCGTGGGGAGCGAACAGGATTAGAAA","Bacteria","Actinobacteria","Thermoleophilia","Solirubrobacterales","67-14",NA,NA
"GCGGTAATACGTAGGGGGCTAGCGTTGCTCGGAATTACTGGGCGTAAAGGGAGCGTAGGCGGACATTTAAGTCAGGGGTGAAATCCCAGAGCTCAACTCTGGAACTGCCTTTGATACTGGGTGTCTTGAGTGTGAGAGAGGTATGTGGAACTCCGAGTGTAGAGGTGAAATTCGTAGATATTCGGAAGAACACCAGTGGCGAAGGCGACATACTGGCTCATTACTGACGCTGAGGCTCGAAAGCGTGGGGAGCAAACAGGATTAGAAA","Bacteria","Proteobacteria","Alphaproteobacteria","Caulobacterales","Caulobacteraceae",NA,NA
"GCGGTAATACGGAGGGGACTAGCGTTGTTCGGAATTACTGGGCGTAAAGCGCACGTAGGCGGATTCGCAAGTTAGGGGTGAAATCCCGGGGCTCAACCCCGGAACTGCCCTTAAAACTGCGGATCTAGAGTTCGAGAGAGGTGAGTGGAATTGTGAGTGTAGAGGTGAAATTCGTAGATATTCACAGGAACATCAGTGGCGAAGGCGGCTCACTGGCTCGATACTGACGCTGAGGTGCGAAAGTGTGGGGAGCAAACAGGATTAGAAA","Bacteria","Proteobacteria","Alphaproteobacteria","Rhodobacterales","Rhodobacteraceae",NA,NA
"GCGGTAAGACGTAGGGCGCGAGCGTTGTCCGGATTTATTGGGCGTAAAGAGCTCGTAGGCGGCTTGTCGCGTCGACTGTGAAAACCCGCGGCTCAACCGCGGGCTTGCAGCCGATACGGGCAGGCTAGAGTTCGGTAGGGGAGACTGGAATTCCTGGTGTAGCGGTGAAATGCGCAGATATCAGGAGGAACACCGATGGCGAAGGCAGGTCTCTGGGCCGATACTGACGCTGAGGAGCGAAAGCGTGGGGAGCGAACAGGATTAGAAA","Bacteria","Actinobacteria","Actinobacteria","Micromonosporales","Micromonosporaceae",NA,NA
"GCGGTAATACGGAGGATGCAAGCGTTATCCGGAATGATTGGGCGTAAAGCGTCCGCAGGTGGCTGTGTAAGTCTGCTGTCAAAGAGCAAAGCTCAACTTTGTAAAGGCAGTGGAAACTACACGGCTAGAGTGCGTTCGGGGCAGAGGGAATTCCTGGTGTAGCGGTGAAATGCGTAGAGATCAGGAAGAACACCGGTGGCGAAGGCGCTCTGCTAGGCCGCAACTGACACTGAGGGACGAAAGCTAGGGGAGCGAATGGGATTAGAAA","Bacteria","Cyanobacteria","Oxyphotobacteria","Nostocales","Nostocaceae",NA,NA
"GCGGTAATACGAAGGGGGCTAGCGTTGCTCGGAATGACTGGGCGTAAAGGGCGTGTAGGCGGTTTGTACAGTCAGATGTGAAATCCCCGGGCTTAACCTGGGAGCTGCATTTGATACGTGCAGACTAGAGTGTGAGAGAGGGTTGTGGAATTCCCAGTGTAGAGGTGAAATTCGTAGATATTGGGAAGAACACCGGTGGCGAAGGCGGCAACCTGGCTCATGACTGACGCTGAGGCGCGAAAGCGTGGGGAGCAAACAGGATTAGAAA","Bacteria","Proteobacteria","Alphaproteobacteria","Acetobacterales","Acetobacteraceae",NA,NA
"GCGGTAATACGTAGGCAGCGAGCGTTGTTCGGAGTTACTGGGCGTAAAGAGTGCGTAGGCGGTTTTCTAAGTTTGGTGTGAAATCTCCCGGCTTAACTGGGAGGGTGCGCCGAAGACTGGAAGGCTTGAGTATGGGAGAGGTAAGCGGAATTCCTGGTGTAGCGGTGAAATGCGTAGATATCAGGAGGAACACCTGCGGTGTAGACGGCTTACTGGACCATAACTGACGCTGAGGCACGAAAGCGTGGGTAGCAAACAGGATTAGAAA","Bacteria","Acidobacteria","Acidobacteriia","Solibacterales","Solibacteraceae_(Subgroup_3)",NA,NA
"GACGGAGGAGGCAAGCGTTATCCGGAATTATTGGGCGTAAAGCGTCCGCAGGCGGCTTATTAAGTCTGTTGTCAAAGGTCACAGCTCAACTGTGGATCGGCAATGGAAACTGGTGAGCTAGAGTGTGGTAGGGGTAGAGGGAATTCCCGGTGTAGCGGTGAAATGCGTAGATATCGGGAAGAACACCAGTGGCGAAGGCGCTCTACTGGGCCACAACTGACGCTGAGGGACGAAAGCTAGGGGAGCGAAAGGGATTAGAAA","Bacteria","Cyanobacteria","Oxyphotobacteria","Phormidesmiales","Nodosilineaceae",NA,NA
"GCGGTAATACGTAGGGTGCGAGCGTTAATCGGAATTACTGGGCGTAAAGCGTGCGTAGGCGGTTTGCCGTGTCCTGTGTGAAAGCCCCGGGCTCAACCTGGGAATTGCATGGGAAACTGGCAGGCTTGAGTGTGGCAGAGGAGGGTGGAATTCCGCGTGTAGCAGTGAAATGCGTAGAGATGCGGAGGAACACCGATGGCGAAGGCAGCCCTCTGGGCCAACACTGACGCTCAGGCACGAAAGCGTGGGGAGCAAACAGGATTAGAAA","Bacteria","Proteobacteria","Gammaproteobacteria","Betaproteobacteriales","SC-I-84",NA,NA
"GCGGTAAAACGTAGGTCACAAGCGTTGTCCGGAATTACTGGGCGTAAAGCGCGCGTAGGTGGTTCAGTAAGATGGGTGTGAAATCCCCGGGCTCAACCTGGGAACTGCTTTCATAACTGCTGAGCTAGAGTACGGTAGAGGGTAGTGGAATTTCCTGTGTAGCGGTGAAATGCGTAGATATAGGAGGGAACACCAGTGGCGAAGGCGACTACCTGGACTGATACTGACACTGAGGTGCGAAAGCGTGGGGAGCAAACAGGATTAGAAA","Bacteria","Proteobacteria","Gammaproteobacteria","Oceanospirillales","Nitrincolaceae",NA,NA
"GCGGTAATACGGAGGGTGCAAGCGTTGTTCGGAATTATTGGGCGTAAAGCGCGTGTAGGCGGTCTTTTAAGTCTGATGTGAAAGCCCCGGGCTCAACCTGGGAAGTGCATTGGAAACTGGGAGGCTTGAGTACGGGAGAGGAGAGTGGAATTCCTAGTGTAGGAGTGAAATCCGTAGATATTAGGAGGAACACCGGTGGCGAAGGCGGCTCTCTGGACCGATACTGACGCTGAGACGCGAAAGCGTGGGTAGCAAACAGGATTAGAAA","Bacteria","Proteobacteria","Deltaproteobacteria","Desulfuromonadales","Geobacteraceae",NA,NA
"GCGGTAATACGTAGGGTGCAAGCGTTGTCCGGAATTATTGGGCGTAAAGAGCTCGTAGGCGGTCTGTCGCGTCGGCTGTGAAAACCCGGAGCTCAACTCCGGGCCTGCAGTCGATACGGGCAAACTGGAGTGTTGCAGGGGAGACTGGAATTCCTGGTGTAGCGGTGAAATGCGCAGATATCAGGAGGAACACCGGTGGCGAAGGCGGGTCTCTGGGCAACAACTGACGCTGAGGAGCGAAAGCGTGGGGAGCGAACAGGATTAGAAA","Bacteria","Actinobacteria","Actinobacteria","Frankiales","Geodermatophilaceae",NA,NA
"GCGGTAATACGTAGGGTGCGAGCGTTGTCCGGAATTATTGGGCGTAAAGAGCTTGTAGGCGGTTTGTCGCGTCTGCTGTGAAAGCCCGAGGCTCAACCTCGGGTCTGCAGTGGGTACGGGCAGACTAGAGTGCGGTAGGGGAGATTGGAACTCCTGGTGTAGCGGTGGAATGCGCAGATATCAGGAAGAACACCGATGGCGAAGGCAGATCTCTGGGCCGTTACTGACGCTGAGAAGCGAAAGCGTGGGGAGCGAACAGGATTAGATA","Bacteria","Actinobacteria","Actinobacteria","Micrococcales","Microbacteriaceae",NA,NA
"GCGGTAATACGGAGGATGCAAGCGTTATCCGGATTTATTGGGTTTAAAGGGTCCGTAGGCGGGCTAATAAGTCAGTGGTGAAATCAAGCAGCTTAACTGTTTAACTGCCATTGATACTGTTAGTCTTGAGTGAATTTGAAGTTGCCGGAATATGTAGTGTAGCGGTGAAATGCATAGATATTACATAGAACACCTATTGCGAAGGCAGGTAACTAAGATTTAACTGACGCTGATGGACGAAAGCGTGGGGAGCGAACAGGATTAGAAA","Bacteria","Bacteroidetes","Bacteroidia","Flavobacteriales","Weeksellaceae",NA,NA
"GCGGTAATACGAAGGGGGCTAGCGTTGCTCGGAATCACTGGGCGTAAAGCGCACGTAGGCGGATCTTTAAGTCAGGGGTGAAATCCCAAGGCTCAACCTTGGAACTGCCTTTGATACTGGGGATCTCGAGTCCGGAAGAGGTTGGTGGAACTGCGAGTGTAGAGGTGAAATTCGTAGATATTCGCAAGAACACCAGTGGCGAAGGCGGCCAACTGGTCCGGTACTGACGCTGAGGCACGAAAGCGTGGGTAGCAAACAGGATTAGAAA","Bacteria","Proteobacteria","Alphaproteobacteria","Rhizobiales","Rhizobiales_Incertae_Sedis",NA,NA
"GCGGTAATACGAAGGGGACTAGCGTTGTTCGGAATCACTGGGCGTAAAGCGCACGTAGGCGGAATTGTAAGTCAGGGGTGAAATCCCGGGGCTCAACCTCGGAACTGCCTTTGATACTGCGATTCTCGAGTCCGATAGAGGTGGGTGGAATTCCTAGTGTAGAGGTGAAATTCGTAGATATTAGGAAGAACACCGGTGGCGAAGGCGGCCCACTGGATCGGTACTGACGCTGAGGTGCGAAAGCGTGGGGAGCAAACAGGATTAGATA","Bacteria","Proteobacteria","Alphaproteobacteria","Rhizobiales","Hyphomicrobiaceae",NA,NA
"GCGGTAATACGGAGGGTCCAAGCGTTATCCGGATTTATTGGGTTTAAAGGGTGCGCAGGCGGATCGGTAAGTCAAGGGTGAAAAGCTACTGCTTAACAGTAGTCGTGCCAATGATACTGCCGGACTAGAGTGTAAGAGGTGTAACTGGAATGTGATGTGTAGCGGTGAAATGCTTAGATATGTCACAGAACGCCGATCGTGAAGACAGGTTACAAACTTACAACTGACGCTCAAGCACGAAAGCGTGGGGATCAAACAGGATTAGAAA","Bacteria","Bacteroidetes","Bacteroidia","Bacteroidales","M2PB4-65_termite_group",NA,NA
"GCGGTAATACGAAGGGGGCGAGCGTTGTTCGGAATTACTGGGCGTAAAGCGTACGTAGGCGGTGTGTTAAGCAAGATGTGAAAGCCCCGGGCTCAACCTGGGAATTGCATTTTGAACTGGCACGCTAGGGTCCTGAAGAGGGTGGTAGAATTTCCAGTGTAGCGGTGAAATGCGTAGATATTGGAAGGAATACCGGTGGCGAAGGCGGCCACCTGGTCAGAGACTGACGCTGAGGTACGAAAGCGTGGGGAGCAAACAGGATTAGAAA","Bacteria","Proteobacteria","Gammaproteobacteria","Alteromonadales","Idiomarinaceae",NA,NA
"GCGGTAATACGGAGGGTGCAAGCGTTGTCCGGAATTATTGGGCGTAAAGGGTGTGCAGGCGGAAGCCTAAGTCGAGGGTGAAATCTTACCGCTTAACGGTAAAAGGGCCCCCGATACTGGGTTTCTTGAGTTCGGAAGAGGTTGGTGGAATTCGTGGTGTAGCGGTGAAATGCATAGATATCACGAAGAACACCGGTGGCGAAGGCGGCCAACTGGTCCGACACTGACGCTGAGACACGAAAGCGTGGGGAGCGAACAGGATTAGATA","Bacteria","Bacteroidetes","Rhodothermia","Balneolales","Balneolaceae",NA,NA
"GCGGTAATACAGAGACTGCAAGCGTTATTCGGATTCACTGGGCGTAAAGGGTGCGCAGGCGGCCGTGTGTGTCAGGTGTGAAAGCCCGGAGCTTAACTCCGGAATTGCGCCTGAAACTACATGGCTAGAGCATTGGAGAGGGTAGCGGAATTCACGGTGTAGCAGTGAAATGCGTAGATATCGTGAGGAACACCAGAGGCGAAGGCGGCTACCTGGACAATTGCTGACGCTCAGGCACGAAAGCGTGGGGAGCAAAAGGGATTAGAAA","Bacteria","Verrucomicrobia","Verrucomicrobiae","Opitutales","Opitutaceae",NA,NA
"GCGGTAATACGTAGGGGGCAAGCGTTGTCCGGATTTATTGGGCGTAAAGAGCGTGTAGGCGGCCGCACAGGTCCGTTGTGAAAACTGGAGGCTTAACCTTCAGACGTCGATGGAAACCGTGCGGCTAGAGTCCGGAAGAGGAGAATGGAATTCCTGGTGTAGCGGTGAAATGCGCAGATATCAGGAAGAACACCCGTGGCTAAGGCGGTTCTCTAGTACGGTACTGACGCTGAGACGCGAAAGCGTGGGGAGCGAACAGGATTAGAAA","Bacteria","Actinobacteria","Thermoleophilia","Gaiellales","Gaiellaceae",NA,NA
"GCGGTAATACGTAGGGTGCGAGCGTTAATCGGAATTACTGGGCGTAAAGGGTGCGCAGGCGGTTGAGTAAGACAGATGTGAAAGTTTGCGGCTCAACCGTAAAATTGCAGTTGATACTGGATGTCTTGAGTGCAGTTGAGGCAGGCGGAATTCGTGGTGTAGCGGTGAAATGCTTAGATATCACGAAGAACTCCGATTGCGAAGGCAGCTTACTAAACCATAACTGACACTGAAGCACGAAAGCGTGGGGATCAAACAGGATTAGAAA","Bacteria","Bacteroidetes","Bacteroidia","Bacteroidales","Prolixibacteraceae",NA,NA
"GCGGTAATACGGAGGGTGCAAGCGTTAATCGGAATTACTGGGCGTAAAGGGCGCGTAGGTGGTACTTTAAGTTGGGTGTGAAATCCCCGGGCTCAACCTGGGAATTGCATCCAAAACTGGAGTGCTAGAGTGTGGTAGAGGGTAGCGGAATTTCTGGTGTAGCGGTGAAATGCGTAGATATCAGAAGGAACATCAATGGCGAAGGCAGCTACCTGGGCCAACACTGACGCTGAGGCGCGAAAGCATGGGGAGCAAACAGGATTAGAAA","Bacteria","Proteobacteria","Gammaproteobacteria","Cardiobacteriales","Wohlfahrtiimonadaceae",NA,NA
"GCGGTAATACGTAGGGTGCGAGCGTTGTCCGGATTTATTGGGTTTAAAGGGTGCGTAGGCGGCTGTTTAAGTCCGGGGTGAAAGCCCGTTGCTCAACAACGGAACTGCCCTGGATACTGGACAGCTTGAGACTAGTGGAGGTTGGCGGAATGGACCGAGTAGCGGTGAAATGCATAGATACGGTCCAGAACCCCGATTGCGAAGGCAGCTGACTACACTAGGACTGACGCTGAGGCACGACAGCGTGGGGAGCGAACAGGATTAGAAA","Bacteria","Bacteroidetes","Bacteroidia","Cytophagales","Hymenobacteraceae",NA,NA
"GCGGTAATACGGAGGGTGCGAGCGTTAATCGGAATTACTGGGCGTAAAGCGCATGCAGGTGGTTCATTAAGTCAGATGTGAAAGCCCGGGGCTCAACCTCGGAACTGCATTTGAAACTGGTGAACTAGAGTGCTGTAGAGGGGGGTAGAATTTCAGGTGTAGCGGTGAAATGCGTAGAGATCTGAAGGAATACCAGTGGCGAAGGCGGCCCCCTGGACAGACACTGACACTCAGATGCGAAAGCGTGGGGAGCAAACAGGATTAGAAA","Bacteria","Proteobacteria","Gammaproteobacteria","Vibrionales","Vibrionaceae",NA,NA
"GCGGTAATACGGAGGGTGCAAGCGTTATTCGGAATCACTGGGCGTAAAGCGTGCGTAGGCGGCGAGGTAAGTCAGGTGTGAAATCCCACGGCTCAACCGTGGAACTGCACTTGAAACTGCTTTGCTTGAGTACTGGAGGGGATGGCGGAATTCCTGGTGTAGGAGTGAAATCCGTAGATATCAGGAGGAACACCAGTGGCGAAGGCGGCCATCTGGACAGTAACTGACGCTGAGGTACGAAAGCGTGGGGAGCAAACAGGATTAGATA","Bacteria","Proteobacteria","Deltaproteobacteria","Desulfovibrionales","Desulfomicrobiaceae",NA,NA
"GCGGTAATACGAAGGGGGCTAGCGTTGTTCGGAATCACTGGGCGTAAAGCGCACGTAGGCGGACATTTAAGTCAGGGGTGAAAGCCTGGAGCTCAACTCCAGAACTGCCCTTGATACTGGGTGTCTCGAGTCCGGAAGAGGTAAGTGGAACTGCGAGTGTAGAGGTGAAATTCGTAGATATTCGCAAGAACACCAGTGGCGAAGGCGGCTTACTGGTCCGGTACTGACGCTGAGGTGCGAAAGCGTGGGGAGCAAACAGGATTAGAAA","Bacteria","Proteobacteria","Alphaproteobacteria","Rhizobiales","Xanthobacteraceae",NA,NA
"GCGGTAATACGGAGGGTGCGAGCGTTATTCGGAATTACTGGGCGTAAAGCGCACGCAGGCGGTTGCCCAAGTCAGATGTGAAAGCCCCGGGCTTAACCTGGGAACTGCATTTGAAACTGGGCGACTAGAGTATGAAAGAGGAAAGCGGAATTTCCAGTGTAGCAGTGAAATGCGTAGATATTGGAAGGAACACCGATGGCGAAGGCAGCTTTCTGGGTCGATACTGACGCTCATGTGCGAAAGCGTGGGGAGCAAACAGGATTAGAAA","Bacteria","Proteobacteria","Gammaproteobacteria","Cardiobacteriales","Cardiobacteriaceae",NA,NA
"GCGGTAATACGTAGGGTGCGAGCGTTGTCCGGAATTACTGGGCGTAAAGAGTTCGTAGGCGGTTTGTCGCGTCGTGTGTGAAATCCCGCAGCTCAACTGCGGGCTTGCAGGCGATACGGGCAGACTTGAGTACTGCAGGGGAGACTGGAATTCCTGGTGTAGCGGTGAAATGCGCAGATATCAGGAGGAACACCAATGGCGAAGGCAGGTCTCTGGGCCGTCACTGACGCTGAGGAGCGAAAGCGTGGGGAGCGAACAGGATTAGAAA","Bacteria","Actinobacteria","Actinobacteria","Corynebacteriales","Corynebacteriales_Incertae_Sedis",NA,NA
"GCGGTAATACGGAGGGGGCTAGCGTTGTTCGGAATTACTGGGCGTAAAGGGTGCGTAGGCGGCTGTCCAAGTCGGGTGTGAAAGCCCCGGGCTCAACCCGGGATGTGCATCCGAGACTGGGCGGCTCGAGTTCGGGAGAGGTGAGTGGAATTCCCAGTGTAGAGGTGAAATTCGTAGATATTGGGAAGAACACCGGTGGCGAAGGCGGCTCACTGGACCGACACTGACGCTGAGGCACGAAAGCGTGGGGAGCAAACAGGATTAGATA","Bacteria","Proteobacteria","Alphaproteobacteria","Puniceispirillales","Puniceispirillales_Incertae_Sedis",NA,NA
"GCGGTAATACGTAGGGTGCGAGCGTTAATCGGAATTACTGGGCGTAAAGCGTGCGCAGGCGGTTTTGTAAGCCAGACGTGAAATATCCCGGCTAAACCGGGAGGGGACGAACCAGACTATTCGACTGGAGTGCAGTAGAGGAACGCGGAATTCGGGGTGTAGCGGTGAAATGTGCAGAGATCCCGAGGAACACCAGAGGTGAAGACGGCGTTCTGGGCTGTAACTGACACTGAGGCGCGAAAGCGTGGGGAGCGAACGGGATTAGATA","Bacteria","Chloroflexi","Anaerolineae","SBR1031","A4b",NA,NA
"GCGGTAATACGGAGGGTGCAAGCGTTAATCGGAATTACTGGGCGTAAAGCGCGCGTAGGCGGCTATTTAAGCTAGATGTGAAATCCCCGGGCTTAACCTGGGACGTGCATTTAGAACTGGGTAGCTAGAGTACAGCAGAGGATAGTGGAATTTCAGGTGTAGCGGTGAAATGCGTAGAGATCTGAAGGAACATCAGTGGCGAAGGCGGCCTACTGGGCACCAACTGACGCTGAGGCTCGAAAGTGTGGGTAGCAAACAGGATTAGAAA","Bacteria","Proteobacteria","Gammaproteobacteria","Cellvibrionales","Cellvibrionaceae",NA,NA
"GCGGTAATACGGAGGGTGCGAGCGTTAATCGGAATTACTGGGCGTAAAGGGTACGTAGGCGGCTTGATAAGTCAGATGTGAAATCCCCGGGCTTAACCTGGGAACTGCATTTGAAACTGTCTAGCTAGAGTGAGTGAGAGGTAAGTGGAATTCAAGGCGTAGCGGTGAAATGCGTAGAGGTCTTGAGGAACATCAGTGGCGAAGGCGACTTACTGGCACTACACTGACGCTGAGGTACGAAAGCGTGGGGAGCGAACAGGATTAGAA","Bacteria","Proteobacteria","Gammaproteobacteria","Gammaproteobacteria_Incertae_Sedis","Unknown_Family",NA,NA
"GCGGTAATACAGAGGGTGCGAGCGTTGTCCGGAATCACTGGGCGTAAAGGGCGCGTAGGCGGTGACTTAAGCGTGTGGTGAAAGCTCGGGGCTCAACCCCGAGTCGGCCGTGCGAACTGGGTCACTGGAGCAGATCAGAGGCAGGCGGAATTCCGGGTGTAGCGGTGGAATGCGTAGAGATCCGGAAGAACACCGGTGGCGAAGGCGGCCTGCTGGGATCTTGCTGACGCTGAGGCGCGACAGCGTGGGGAGCAAACAGGATTAGAAA","Bacteria","Gemmatimonadetes","Gemmatimonadetes","Gemmatimonadales","Gemmatimonadaceae",NA,NA
"GCGGTAATACGGAGGATGCAAGCGTTATCCGGAATTATTGGGCGTAAAGCGTCCGCAGGTGGTTTTACAAGTCTGCTGTCAAAGCGTGGAGCTTAACTCCATAAAGGCAGTGGAAACTGTGAGACTAGAGTTCGGTAGGGGTTACGGGAATTCCCAGTGTAGCGGTGAAATGCGTAGATATTGGGAAGAACACCAGCGGCGAAGGCGACTTTCTGGACGACAACTGACGCTGAGGCGCGAAAGCGTGGGGAGCAAACAGGATTAGATA","Bacteria","Cyanobacteria","Oxyphotobacteria","Leptolyngbyales","Leptolyngbyaceae",NA,NA
"GCGGTAAGACAGAGGGTGCTAGCGTTGTTCGGAATGACTGGGCGTAAAGGGCGCGTAGGCGGTTATATTAGTCAAGCGTGAAAGCCCCGGGCTTAACCCGGGAACTGCGCCTGAAACGGTATGACTAGAGGACGAGAGAGGAAAGCGGAATTCCTAGTGTAGAGGTGAAATTCGTAGATATTAGGAGGAACATCAGAGGCGAAGGCGGCTTTCTGGCTCGTTACTGACGCTGAGGCGCGAAAGCGTGGGGAGCGAACAGGATTAGAAA","Bacteria","Proteobacteria","Alphaproteobacteria","Rickettsiales","AB1",NA,NA
"GCGGTAATACGAAGGGGGCTAGCGTTGTTCGGATTTACTGGGCGTAAAGCGCGTGTAGGCGGGCTTGCAAGTTGGGGGTGAAATCCCGAGGCTCAACCTCGGAACTGCCTCCAAAACTGCAAGCCTGGAGCAAGATAGAGGCAAGTGGAATTGCGAGTGTAGAGGTGAAATTCGTAGATATTCGCAGGAACACCAGTGGCGAAGGCGACTTTCTGGACGAAAACTGACGCTGAGGCGCGAAAGCCAGGGGAGCGAACGGGATTAGAAA","Bacteria","Proteobacteria","Alphaproteobacteria","Caulobacterales","Hyphomonadaceae",NA,NA
"GCGGTAATACGTATGGTGCAAGCGTTGTCCGGAATTATTGGGCGTAAAGCGCGTGTAGGCGGCTTGCTAAGTCCGCTCTGAAAGCCCAGGGCTCAACCCTGGGAGGCGGGTGGATACTGGCAAGCTTGAGTCCGGAAGAGGCGAGTGGAATTCCTGGTGTAGCGGTGAAATGCGCAGATATCAGGAGGAACACCAATGGCGAAGGCAGCTCGCTGGGACGTGACTGACGCTGAGACGCGAAAGCGTGGGGAGCAAACAGGATTAGAAA","Bacteria","Actinobacteria","Thermoleophilia","Solirubrobacterales","Solirubrobacteraceae",NA,NA
"GCGGTAATACGTAGGGTGCGAGCGTTGTCCGGAATTACTGGGCGTAAAGAGCTCGTAGGTGGTTTGTCGCGTCGTCTGTGAAATCCCGGGGCTTAACTTCGGGCGTGCAGGCGATACGGGCATAACTTGAGTGCTGTAGGGGAGACTGGAATTCCTGGTGTAGCGGTGAAATGCTTAGATATCACGAAGAACTCCGATTGCGAAGGCAGCTCACGGGAGCGCAACTGACGCTGAAGCTCGAAAGTGCGGGTATCGAACAGGATTAGAAA","Bacteria","Actinobacteria","Actinobacteria","Corynebacteriales","Nocardiaceae",NA,NA
"GCGGTAATACGTAGGGAGCGAGCGTTGTCCGGAATTACTGGGTGTAAAGGGAGCGTAGGCGGGATCTTAAGTCAGGTGTGAAAACTATGGGCTCAACCCATAGACTGCACTTGAAACTGAGGTTCTTGAGTGAGGGAGAGGTAGATGGAATTCTTGGTGTAGGGGTAAAATCCGTAGAGATCAAGAAGAATACCCATTGCGAAGGCGATCTGCTAGAACTCAACTGACACTAATGCGTGAAAGCGTGGGGAGCAAACAGGATTAGATA","Bacteria","Epsilonbacteraeota","Campylobacteria","Campylobacterales","P6-b51",NA,NA
"GCGGTAATACGTAGGGGGCGAGCGTTATCCGGAATTACTGGGCGTAAAGCGCGCGCAGGCGGCCGGTTAAGTCGGGTGTGAAAGGCTGCGGCTCAACCGCAGAGCGGCACCCGAAACTGGCGGGCTTGAGTGCAGGAGAGGGAAGCGGAATTCCCGGTGTAGCGGTGGAATGCGTAGAGATCGGGAGGAACACCAGTGGCGAAGGCGGCTTCCTGGCCTGTAACTGACGCTGAGGCGCGAAAGCGTGGGGAGCAAACAGGATTAGATA","Bacteria","Firmicutes","Bacilli","Bacillales","Thermoactinomycetaceae",NA,NA
"GCGGTAATACGTAGAGTGCAAGCGTTGTCCGGAATTATTGGGCGTAAAGGGTACGCAGGCGGATAGTAAAGTCAAGCGTGAAAGGTGTCGGCTTAACCGACAGACTGCGTTTGAAACTGATTATCTTGAGTGTAACAGAGGAGAGTGGAATTCCTAGTGTAGTGGTGAAATACGTAGATATTAGGAAGAACACCAGTGGCGAAGGCGACTCTCTGGGTTAACACTGACGCTGAGGTACGAAAGCTGGGGGAGCGAACGGGATTAGAAA","Bacteria","Halanaerobiaeota","Halanaerobiia","Halanaerobiales","Halanaerobiaceae",NA,NA
